{"Links":["koordinatlar","ülke","italya","bölge","lombardiya","milano ili","km2","mi2","rakım","m","ft","yoğunluk","zaman dilimi","oazd","utc+01:00","ysu","oayzd","utc+02:00","italya","lombardiya","milano ili","komün","kutsal roma germen imparatoru","friedrich barbarossa","giuseppe verdi","legnano savaşı","opera","ıı. dünya savaşı","futbol","basketbol","amerikan futbolu","atletizm","beyzbol","softbol","busto arsizio","italya","milano ili","lombardiya","dmoz","g","italya'daki şehirler","milano","roma","başkent","cenova","napoli","palermo","torino","bari","bologna","katanya","floransa","messina","padova","trieste","venedik","verona","ancona","bergamo","bolzano","brescia","cagliari","ferrara","foggia","forli","giugliano in campania","latina","livorno","modena","monza","novara","parma","perugia","pescara","piacenza","prato","ravenna","reggio calabria","reggio nell'emilia","rimini","salerno","sassari","siraküza","taranto","terni","trento","vicenza","alessandria","andria","arezzo","asti","barletta","brindisi","busto arsizio","caserta","casoria","catanzaro","cesena","como","gela","grosseto","guidonia montecelio","la spezia","lecce","lucca","marsala","pesaro","pisa","pistoia","pozzuoli","sesto san giovanni","torre del greco","treviso","udine","varese","acerra","acireale","afragola","agrigento","altamura","anzio","aprilia","ascoli piceno","avellino","aversa","bagheria","battipaglia","benevento","bisceglie","bitonto","caltanissetta","campobasso","carpi","carrara","casalnuovo di napoli","castellammare di stabia","cava de' tirreni","cerignola","chieti","chioggia","cinisello balsamo","civitavecchia","collegno","cosenza","cremona","crotone","cuneo","ercolano","faenza","fano","fiumicino","foligno","gallarate","ımola","lamezia terme","l'aquila","manfredonia","marano di napoli","massa","matera","mazara del vallo","modica","molfetta","moncalieri","montesilvano","olbia","pavia","pomezia","pordenone","portici","potenza","quartu sant'elena","ragusa","rho","rovigo","sanremo","san severo","savona","scafati","scandicci","siena","teramo","tivoli","trani","trapani","velletri","viareggio","vigevano","viterbo","vittoria","g","milano ili","lombardiya","komünler","abbiategrasso","arese","bresso","cinisello balsamo","corsico","milano","paderno dugnano","pieve emanuele","rho","rozzano","san donato milanese","sesto san giovanni","5 kategori","45° k","8° d","lombardiya'daki şehirler ve kasabalar","milano ili belediyeleri","timeline kullanan sayfalar","türkçe vikipedi ile vikiveride aynı resim olan maddeler"]}